{"cameraMode":{"drawMode":0,"name":"Shaded","section":"Shading Mode"},"sceneLighting":false,"audioPlay":false,"sceneViewState":{"m_AlwaysRefresh":false,"showFog":true,"showSkybox":true,"showFlares":true,"showImageEffects":true,"showParticleSystems":true,"showVisualEffectGraphs":true,"m_FxEnabled":true},"in2DMode":false,"pivot":{"x":0.19107751548290254,"y":1.4535973072052003,"z":-20.58271598815918},"rotation":{"x":-0.00487657031044364,"y":-0.9637821316719055,"z":0.017647279426455499,"w":-0.26610350608825686},"size":5.4959635734558109,"orthographic":false}